,氏名,グループ
0,A002,A
1,A003,A
2,A004,A
3,A005,A
4,A006,A
5,A007,A
6,A008,A
7,A009,A
8,A011,A
9,A012,A
10,A013,A
11,A014,A
13,A016,A
15,A018,A
17,A021,A
18,A022,A
19,A023,A
20,A024,A
21,A025,A
22,A026,A
23,A027,A
24,A028,A
26,A030,A
27,A031,A
28,A032,A
29,A033,A
30,A034,A
31,A035,A
32,A036,A
33,A037,A
34,A038,A
37,A041,A
38,A042,A
41,A045,A
42,A046,A
43,A047,A
44,A048,A
45,A049,A
47,A051,A
50,A054,A
51,A055,A
52,A056,A
53,A057,A
54,A058,A
55,A059,A
58,A062,A
59,A063,A
60,A064,A
61,A065,A
63,A067,A
64,A068,A
65,A069,A
66,A070,A
67,A071,A
71,A075,A
72,A076,A
73,A077,A
74,A078,A
76,A080,A
80,A084,A
81,A085,A
84,A088,A
85,A089,A
87,A091,A
90,A094,A
91,A095,A
92,A096,A
96,A101,A
97,A102,A
99,A104,A
100,A105,A
102,A107,A
103,A108,A
104,A109,A
105,A110,A
107,A112,A
111,A116,A
112,A117,A
113,A118,A
115,A120,A
117,A122,A
120,A125,A
121,A126,A
123,A128,A
124,A129,A
125,A130,A
127,A132,A
128,A133,A
130,A135,A
133,A138,A
134,A139,A
135,A140,A
137,A142,A
138,A143,A
139,A144,A
140,A145,A
141,A146,A
142,A147,A
143,A148,A
144,A149,A
145,A150,A
146,A151,A
147,A152,A
148,A153,A
149,A154,A
152,A157,A
153,A158,A
154,A159,A
155,A160,A
158,A163,A
159,A164,A
160,A165,A
161,A166,A
162,A167,A
163,A168,A
165,A170,A
166,A171,A
168,A173,A
170,A175,A
171,A176,A
172,A177,A
12,A015,A
14,A017,A
16,A019,A
25,A029,A
35,A039,A
36,A040,A
39,A043,A
40,A044,A
46,A050,A
48,A052,A
49,A053,A
56,A060,A
57,A061,A
62,A066,A
68,A072,A
69,A073,A
70,A074,A
75,A079,A
77,A081,A
78,A082,A
79,A083,A
82,A086,A
83,A087,A
86,A090,A
88,A092,A
89,A093,A
93,A097,A
94,A098,A
95,A099,A
98,A103,A
101,A106,A
106,A111,A
108,A113,A
109,A114,A
110,A115,A
114,A119,A
116,A121,A
118,A123,A
119,A124,A
122,A127,A
126,A131,A
129,A134,A
131,A136,A
132,A137,A
136,A141,A
150,A155,A
151,A156,A
156,A161,A
157,A162,A
164,A169,A
167,A172,A
169,A174,A
174,A179,A
178,A183,A
179,A184,A
180,A185,A
182,A187,A
183,A188,A
184,A189,A
185,A190,A
187,A192,A
191,A196,A
192,A197,A
173,A178,B
175,A180,B
176,A181,B
177,A182,B
181,A186,B
186,A191,B
188,A193,B
189,A194,B
190,A195,B
193,A198,B
194,A199,B
196,A202,B
198,A204,B
200,A206,B
203,A209,B
206,A212,B
208,A214,B
209,A215,B
210,A216,B
211,A217,B
212,A218,B
213,A219,B
214,A220,B
215,A221,B
217,A223,B
218,A224,B
219,A225,B
220,A226,B
221,A227,B
222,A228,B
223,A229,B
224,A230,B
225,A231,B
228,A234,B
229,A235,B
233,A239,B
234,A240,B
236,A242,B
237,A243,B
238,A244,B
241,A247,B
242,A248,B
243,A249,B
245,A251,B
248,A254,B
252,A258,B
253,A259,B
254,A260,B
255,A261,B
256,A262,B
257,A263,B
258,A264,B
259,A265,B
261,A267,B
262,A268,B
263,A269,B
264,A270,B
267,A273,B
268,A274,B
271,A277,B
276,A282,B
277,A283,B
280,A286,B
284,A290,B
286,A292,B
287,A293,B
288,A294,B
290,A296,B
291,A297,B
292,A298,B
294,A301,B
295,A302,B
296,A303,B
298,A305,B
299,A306,B
300,A307,B
301,A308,B
302,A309,B
305,A312,B
306,A313,B
308,A315,B
309,A316,B
310,A317,B
311,A318,B
312,A319,B
314,A321,B
315,A322,B
316,A323,B
319,A326,B
320,A327,B
322,A329,B
323,A330,B
324,A331,B
325,A332,B
326,A333,B
328,A335,B
329,A336,B
332,A339,B
334,A341,B
335,A342,B
336,A343,B
338,A345,B
340,A347,B
341,A348,B
343,A350,B
345,A352,B
347,A354,B
348,A355,B
349,A356,B
351,A358,B
354,A361,B
355,A362,B
356,A363,B
357,A364,B
358,A365,B
359,A366,B
362,A369,B
363,A370,B
365,A372,B
366,A373,B
367,A374,B
368,A375,B
195,A201,B
197,A203,B
199,A205,B
201,A207,B
202,A208,B
204,A210,B
205,A211,B
207,A213,B
216,A222,B
226,A232,B
227,A233,B
230,A236,B
231,A237,B
232,A238,B
235,A241,B
239,A245,B
240,A246,B
244,A250,B
246,A252,B
247,A253,B
249,A255,B
250,A256,B
251,A257,B
260,A266,B
265,A271,B
266,A272,B
269,A275,B
270,A276,B
272,A278,B
273,A279,B
274,A280,B
275,A281,B
278,A284,B
279,A285,B
281,A287,B
282,A288,B
283,A289,B
285,A291,B
289,A295,B
293,A299,B
297,A304,B
303,A310,B
304,A311,B
307,A314,B
313,A320,B
317,A324,B
318,A325,B
321,A328,B
327,A334,B
330,A337,B
331,A338,B
333,A340,B
337,A344,B
339,A346,B
342,A349,B
344,A351,B
346,A353,B
350,A357,B
352,A359,B
353,A360,B
360,A367,B
361,A368,B
364,A371,B
